Id,Login,Senha,Data_tempo
84,cadastro.php@email.com,123456,2023-03-24 16:48:09
81,cavalcante@email.com,wehfbieubv4,2023-03-24 14:08:43
83,guiif2017@gmail.com,123456,2023-03-24 14:50:06
58,guilherme.teste@email.com,598646,2023-03-21 15:10:13
42,guilherme.teste@email.com,59864,2023-03-21 14:52:20
57,guilherme.teste@email.com,598646,2023-03-21 15:10:12
56,guilherme.teste@email.com,598640,2023-03-21 15:10:12
55,guilherme.teste@email.com,598641,2023-03-21 15:09:55
54,guilherme.teste@email.com,598645,2023-03-21 15:09:53
53,guilherme.teste@email.com,598647,2023-03-21 15:09:53
52,guilherme.teste@email.com,598649,2023-03-21 15:09:52
51,guilherme.teste@email.com,598644,2023-03-21 15:09:51
50,guilherme.teste@email.com,598646,2023-03-21 15:09:50
49,guilherme.teste@email.com,59864,2023-03-21 15:08:49
48,guilherme.teste@email.com,59864,2023-03-21 15:08:48
47,guilherme.teste@email.com,59864,2023-03-21 15:08:45
46,guilherme.teste@email.com,59864,2023-03-21 14:52:21
45,guilherme.teste@email.com,59864,2023-03-21 14:52:20
44,guilherme.teste@email.com,59864,2023-03-21 14:52:20
43,guilherme.teste@email.com,59864,2023-03-21 14:52:20
77,guilherme.teste@email.com,598645,2023-03-22 08:43:16
68,guilherme.teste@email.com,598644,2023-03-21 15:12:57
76,guilherme.teste@email.com,598640,2023-03-22 08:43:15
75,guilherme.teste@email.com,598645,2023-03-22 08:43:11
74,guilherme.teste@email.com,598643,2023-03-21 15:40:09
73,guilherme.teste@email.com,598645,2023-03-21 15:40:08
72,guilherme.teste@email.com,598648,2023-03-21 15:39:24
71,guilherme.teste@email.com,598647,2023-03-21 15:39:23
70,guilherme.teste@email.com,598648,2023-03-21 15:39:21
69,guilherme.teste@email.com,598640,2023-03-21 15:12:58
59,guilherme.teste@email.com,598644,2023-03-21 15:10:13
67,guilherme.teste@email.com,598640,2023-03-21 15:12:57
66,guilherme.teste@email.com,598640,2023-03-21 15:12:56
65,guilherme.teste@email.com,598643,2023-03-21 15:12:55
64,guilherme.teste@email.com,598647,2023-03-21 15:12:31
63,guilherme.teste@email.com,598642,2023-03-21 15:12:31
62,guilherme.teste@email.com,598645,2023-03-21 15:12:30
61,guilherme.teste@email.com,598640,2023-03-21 15:10:34
60,guilherme.teste@email.com,598648,2023-03-21 15:10:29
15,guilherme.teste@email.com,59864,2023-03-21 14:31:51
23,guilherme.teste@email.com,59864,2023-03-21 14:32:58
22,guilherme.teste@email.com,59864,2023-03-21 14:32:58
21,guilherme.teste@email.com,59864,2023-03-21 14:32:56
20,guilherme.teste@email.com,59864,2023-03-21 14:32:54
19,guilherme.teste@email.com,59864,2023-03-21 14:32:53
18,guilherme.teste@email.com,59864,2023-03-21 14:32:51
17,guilherme.teste@email.com,59864,2023-03-21 14:32:49
16,guilherme.teste@email.com,59864,2023-03-21 14:32:45
40,guilherme.teste@email.com,59864,2023-03-21 14:52:19
14,guilherme.teste@email.com,59864,2023-03-21 14:31:51
13,guilherme.teste@email.com,59864,2023-03-21 14:29:11
12,guilherme.teste@email.com,59864,2023-03-21 14:29:11
11,guilherme.teste@email.com,59864,2023-03-21 14:29:10
10,guilherme.teste@email.com,59864,2023-03-21 14:27:50
9,guilherme.teste@email.com,59864,2023-03-21 14:26:31
78,guilherme.teste@email.com,598645,2023-03-22 08:43:16
79,guilherme.teste@email.com,598643,2023-03-22 08:43:22
25,guilherme.teste@email.com,59864,2023-03-21 14:32:59
41,guilherme.teste@email.com,59864,2023-03-21 14:52:19
39,guilherme.teste@email.com,59864,2023-03-21 14:51:56
38,guilherme.teste@email.com,59864,2023-03-21 14:51:55
37,guilherme.teste@email.com,59864,2023-03-21 14:51:55
36,guilherme.teste@email.com,59864,2023-03-21 14:51:55
35,guilherme.teste@email.com,59864,2023-03-21 14:51:54
34,guilherme.teste@email.com,59864,2023-03-21 14:46:26
33,guilherme.teste@email.com,59864,2023-03-21 14:44:29
32,guilherme.teste@email.com,59864,2023-03-21 14:44:28
31,guilherme.teste@email.com,59864,2023-03-21 14:44:28
30,guilherme.teste@email.com,59864,2023-03-21 14:40:12
29,guilherme.teste@email.com,59864,2023-03-21 14:38:50
28,guilherme.teste@email.com,59864,2023-03-21 14:33:00
27,guilherme.teste@email.com,59864,2023-03-21 14:33:00
26,guilherme.teste@email.com,59864,2023-03-21 14:32:59
24,guilherme.teste@email.com,59864,2023-03-21 14:32:58
6,guilhermer.cavalcante@email.com,1452455,2023-03-21 11:06:54
8,guilhermer.cavalcante@email.com,1452455,2023-03-21 11:07:21
7,guilhermer.cavalcante@email.com,1452455,2023-03-21 11:06:55
5,guilhermer.cavalcante@email.com,1452455,2023-03-21 11:06:54
3,guillherme@email.com,4161314385,2023-03-20 11:54:22
2,guillherme@email.com,4161314385,2023-03-20 11:54:20
93,panamera.4s@email.com.br,15022002,2023-03-27 09:13:49
94,pindamonhagaba@email.com.br,44444,2023-03-27 09:28:40
82,pirapora@email.com,jewrbioujgouvbweouvbwerounvwbowuwibv,2023-03-24 14:09:03
110,professor@email.com.br,4545454545455,2023-03-27 09:50:07
89,savana@email.com.br,112233445566,2023-03-27 08:27:49
90,sport.hse@landrover.com.br,15022002,2023-03-27 09:09:53
80,teste@email.com,14527854,2023-03-24 14:08:15
91,vogue.autobyography@landrover.com.br,15022002,2023-03-27 09:11:53
